{"cameraMode":{"drawMode":0,"name":"Shaded","section":"Shading Mode"},"sceneLighting":true,"audioPlay":false,"sceneViewState":{"showFog":true,"showMaterialUpdate":false,"showSkybox":true,"showFlares":true,"showImageEffects":true,"showParticleSystems":true},"in2DMode":false,"pivot":{"x":8.119622230529786,"y":-20.83043098449707,"z":77.684814453125},"rotation":{"x":-0.2255541980266571,"y":0.20484165847301484,"z":-0.04854702576994896,"w":-0.9512430429458618},"size":75.41246032714844,"orthographic":false}